classe	variante	duracao_s	arquivo
pequena	original	3.593500	diagnostics/asr-preprocess-benchmark/2026-09-30-15-05-14/variants/pequena/original.wav
pequena	silence	3.510875	diagnostics/asr-preprocess-benchmark/2026-09-30-15-05-14/variants/pequena/silence.wav
pequena	speed115	3.123938	diagnostics/asr-preprocess-benchmark/2026-09-30-15-05-14/variants/pequena/speed115.wav
pequena	speed125	2.855813	diagnostics/asr-preprocess-benchmark/2026-09-30-15-05-14/variants/pequena/speed125.wav
pequena	silence_speed115	3.058688	diagnostics/asr-preprocess-benchmark/2026-09-30-15-05-14/variants/pequena/silence_speed115.wav
media	original	33.753500	diagnostics/asr-preprocess-benchmark/2026-09-30-15-05-14/variants/media/original.wav
media	silence	28.379563	diagnostics/asr-preprocess-benchmark/2026-09-30-15-05-14/variants/media/silence.wav
media	speed115	29.360500	diagnostics/asr-preprocess-benchmark/2026-09-30-15-05-14/variants/media/speed115.wav
media	speed125	27.017688	diagnostics/asr-preprocess-benchmark/2026-09-30-15-05-14/variants/media/speed125.wav
media	silence_speed115	24.688250	diagnostics/asr-preprocess-benchmark/2026-09-30-15-05-14/variants/media/silence_speed115.wav
longa	original	159.553500	diagnostics/asr-preprocess-benchmark/2026-09-30-15-05-14/variants/longa/original.wav
longa	silence	146.980563	diagnostics/asr-preprocess-benchmark/2026-09-30-15-05-14/variants/longa/silence.wav
longa	speed115	138.751688	diagnostics/asr-preprocess-benchmark/2026-09-30-15-05-14/variants/longa/speed115.wav
longa	speed125	127.645813	diagnostics/asr-preprocess-benchmark/2026-09-30-15-05-14/variants/longa/speed125.wav
longa	silence_speed115	127.821563	diagnostics/asr-preprocess-benchmark/2026-09-30-15-05-14/variants/longa/silence_speed115.wav
